[
  {
    "username": "Zahra",
    "hashedPassword": "00292b7a5a9885d212c82ef60219354c42e1b729395632a413f38595aa72a0fc",
    "nickname": "Z",
    "email": "zahra@z.com",
    "gender": "female",
    "securityQuestion": "What city were you born in?",
    "hashedSecurityAnswer": "e4df365c2a23138660d77016bb33fc9f7a8ac6e91d258720ea27fe172eee53d6",
    "score": 0,
    "gameCount": 0,
    "energy": 200,
    "inventory": {
      "items": {},
      "backpack": {
        "type": "BASIC"
      },
      "trashCan": {
        "type": "BASIC"
      }
    },
    "wallet": {
      "gold": 0
    },
    "energySystem": {
      "energy": 200,
      "unlimited": false,
      "passedOut": false
    }
  }
]